JavaScript,bpasero
JavaScript,joaomoreno
JavaScript,jrieken
JavaScript,alexandrudima
JavaScript,isidorn
JavaScript,aeschli
JavaScript,Tyriar
JavaScript,sandy081
JavaScript,mjbvz
JavaScript,roblourens
bpasero,CSS
bpasero,CoffeeScript
bpasero,Shell
bpasero,Batchfile
bpasero,HTML
CSS,joaomoreno
CSS,isidorn
CSS,aeschli
CSS,sandy081
CSS,mjbvz
CSS,roblourens
CoffeeScript,joaomoreno
CoffeeScript,aeschli
CoffeeScript,Tyriar
CoffeeScript,mjbvz
Shell,joaomoreno
Shell,alexandrudima
Shell,aeschli
Shell,sandy081
Batchfile,joaomoreno
Batchfile,aeschli
HTML,jrieken
HTML,alexandrudima
HTML,isidorn
HTML,aeschli
HTML,Tyriar
HTML,sandy081
HTML,mjbvz
HTML,roblourens
joaomoreno,Python
joaomoreno,C
joaomoreno,Vala
joaomoreno,CMake
joaomoreno,PowerShell
joaomoreno,Common Lisp
Python,alexandrudima
Python,isidorn
Python,roblourens
PowerShell,sandy081
TypeScript,jrieken
TypeScript,alexandrudima
TypeScript,aeschli
TypeScript,Tyriar
TypeScript,sandy081
TypeScript,mjbvz
TypeScript,roblourens
alexandrudima,C++
isidorn,PHP
isidorn,ApacheConf
isidorn,Perl
PHP,roblourens
aeschli,Rust
aeschli,GCC Machine Description
aeschli,Java
Java,sandy081
Java,roblourens
sandy081,ANTLR
